week_end,target_flu_hospitalization_rate,target_covid_hospitalization_rate,target_rsv_hospitalization_rate,candidate_wastewater_sars_cov_2,candidate_wastewater_influenza_a,candidate_wastewater_rsv,candidate_test_positivity_covid_19,candidate_test_positivity_influenza,candidate_test_positivity_rsv,candidate_negative_control_deterministic
2018-10-06,0.100000,,0.100000,,,,,,,0.000000
2018-10-13,0.100000,,0.200000,,,,,,,0.370000
2018-10-20,0.100000,,0.200000,,,,,,,0.740000
2018-10-27,0.100000,,0.300000,,,,,,,0.100000
2018-11-03,0.200000,,0.300000,,,,,,,0.470000
2018-11-10,0.200000,,0.500000,,,,,,,0.840000
2018-11-17,0.200000,,0.500000,,,,,,,0.200000
2018-11-24,0.300000,,0.500000,,,,,,,0.570000
2018-12-01,0.600000,,0.900000,,,,,,,0.940000
2018-12-08,0.700000,,0.900000,,,,,,,0.300000
2018-12-15,1.200000,,1.100000,,,,,,,0.670000
2018-12-22,1.900000,,1.400000,,,,,,,0.030000
2018-12-29,2.900000,,1.700000,,,,,,,0.400000
2019-01-05,3.000000,,1.800000,,,,,,,0.770000
2019-01-12,2.500000,,1.800000,,,,,,,0.130000
2019-01-19,2.100000,,1.400000,,,,,,,0.500000
2019-01-26,2.300000,,1.300000,,,,,,,0.870000
2019-02-02,3.000000,,1.500000,,,,,,,0.230000
2019-02-09,3.500000,,1.400000,,,,,,,0.600000
2019-02-16,3.800000,,1.200000,,,,,,,0.970000
2019-02-23,4.600000,,1.200000,,,,,,,0.330000
2019-03-02,4.600000,,1.100000,,,,,,,0.700000
2019-03-09,5.200000,,0.800000,,,,,,,0.060000
2019-03-16,5.500000,,0.700000,,,,,,,0.430000
2019-03-23,4.800000,,0.700000,,,,,,,0.800000
2019-03-30,3.600000,,0.500000,,,,,,,0.160000
2019-04-06,2.700000,,0.400000,,,,,,,0.530000
2019-04-13,1.800000,,0.300000,,,,,,,0.900000
2019-04-20,1.100000,,0.300000,,,,,,,0.260000
2019-04-27,0.600000,,0.100000,,,,,,,0.630000
2019-05-04,0.200000,,0.100000,,,,,,,1.000000
2019-10-05,0.100000,,0.100000,,,,,,,0.360000
2019-10-12,0.100000,,0.200000,,,,,,,0.730000
2019-10-19,0.200000,,0.300000,,,,,,,0.090000
2019-10-26,0.200000,,0.300000,,,,,,,0.460000
2019-11-02,0.200000,,0.400000,,,,,,,0.830000
2019-11-09,0.300000,,0.600000,,,,,,,0.190000
2019-11-16,0.400000,,0.800000,,,,,,,0.560000
2019-11-23,0.600000,,0.900000,,,,,,,0.930000
2019-11-30,0.900000,,1.200000,,,,,,,0.290000
2019-12-07,1.300000,,1.800000,,,,,,,0.660000
2019-12-14,1.700000,,1.800000,,,,,,,0.020000
2019-12-21,2.400000,,1.900000,,,,,,,0.390000
2019-12-28,4.500000,,2.300000,,,,,,,0.760000
2020-01-04,5.300000,,2.800000,,,,,,,0.120000
2020-01-11,4.500000,,2.100000,,,,,,,0.490000
2020-01-18,4.200000,,1.900000,,,,,,,0.860000
2020-01-25,4.600000,,1.800000,,,,,,,0.220000
2020-02-01,5.300000,,1.800000,,,,,,,0.590000
2020-02-08,6.000000,,1.500000,,,,,,,0.960000
2020-02-15,5.000000,,1.500000,,,,,,,0.320000
2020-02-22,5.000000,,1.300000,,,,,,,0.690000
2020-02-29,4.400000,,1.000000,,,,,,,0.050000
2020-03-07,4.000000,0.100000,1.100000,,,,,,,0.420000
2020-03-14,2.800000,0.600000,0.900000,,,,,,,0.790000
2020-03-21,1.300000,2.900000,0.600000,,,,,,,0.150000
2020-03-28,0.300000,7.600000,0.300000,,,,,,,0.520000
2020-04-04,0.100000,9.500000,0.200000,,,,,,,0.890000
2020-04-11,0.100000,9.200000,0.100000,,,,,,,0.250000
2020-04-18,0.100000,9.900000,0.000000,,,,,,,0.620000
2020-04-25,0.000000,9.500000,0.000000,,,,,,,0.990000
2020-05-02,0.000000,9.400000,0.000000,,,,,,,0.350000
2020-05-09,,8.300000,,,,,,,,0.720000
2020-05-16,,7.700000,,,,,,,,0.080000
2020-05-23,,7.400000,,,,,,,,0.450000
2020-05-30,,6.100000,,,,,,,,0.820000
2020-06-06,,4.900000,,,,,,,,0.180000
2020-06-13,,4.000000,,,,,,,,0.550000
2020-06-20,,4.000000,,,,,,,,0.920000
2020-06-27,,4.600000,,,,,,,,0.280000
2020-07-04,,6.000000,,,,,,,,0.650000
2020-07-11,,7.700000,,,,,,,,0.010000
2020-07-18,,8.100000,,,,,,,,0.380000
2020-07-25,,7.600000,,,,,,,,0.750000
2020-08-01,,6.900000,,,,,,,,0.110000
2020-08-08,,6.300000,,,,,,,,0.480000
2020-08-15,,5.700000,,,,,,,,0.850000
2020-08-22,,5.200000,,,,,,,,0.210000
2020-08-29,,4.400000,,,,,,,,0.580000
2020-09-05,,4.100000,,,,,,,,0.950000
2020-09-12,,3.900000,,,,,,,,0.310000
2020-09-19,,3.800000,,,,,,,,0.680000
2020-09-26,,4.300000,,,,,,,,0.040000
2020-10-03,0.000000,4.400000,0.000000,,,,,,,0.410000
2020-10-10,0.000000,5.500000,0.000000,,,,,,,0.780000
2020-10-17,0.000000,6.300000,0.000000,,,,,,,0.140000
2020-10-24,0.000000,7.500000,0.000000,,,,,,,0.510000
2020-10-31,0.000000,9.200000,0.000000,,,,,,,0.880000
2020-11-07,0.000000,12.200000,0.000000,,,,,,,0.240000
2020-11-14,0.000000,15.800000,0.000000,,,,,,,0.610000
2020-11-21,0.000000,18.000000,0.000000,,,,,,,0.980000
2020-11-28,0.000000,18.700000,0.000000,,,,,,,0.340000
2020-12-05,0.100000,19.600000,0.000000,,,,,,,0.710000
2020-12-12,0.000000,20.100000,0.000000,,,,,,,0.070000
2020-12-19,0.000000,19.400000,0.000000,,,,,,,0.440000
2020-12-26,0.000000,19.400000,0.000000,,,,,,,0.810000
2021-01-02,0.100000,19.800000,0.000000,,,,,,,0.170000
2021-01-09,0.000000,21.000000,0.000000,,,,,,,0.540000
2021-01-16,0.000000,18.700000,0.000000,,,,,,,0.910000
2021-01-23,0.000000,16.000000,0.000000,,,,,,,0.270000
2021-01-30,0.000000,13.300000,0.000000,,,,,,,0.640000
2021-02-06,0.000000,11.500000,0.000000,,,,,,,0.000000
2021-02-13,0.000000,8.800000,0.000000,,,,,,,0.370000
2021-02-20,0.000000,7.900000,0.000000,,,,,,,0.740000
2021-02-27,0.000000,7.200000,0.000000,,,,,,,0.100000
2021-03-06,0.000000,6.200000,0.000000,,,,,,,0.470000
2021-03-13,0.000000,6.500000,0.000000,,,,,,,0.840000
2021-03-20,0.000000,7.000000,0.000000,,,,,,,0.200000
2021-03-27,0.000000,8.200000,0.000000,,,,,,,0.570000
2021-04-03,0.000000,8.800000,0.000000,,,,,,,0.940000
2021-04-10,0.000000,10.200000,0.100000,,,,,,,0.300000
2021-04-17,0.000000,10.300000,0.000000,,,,,,,0.670000
2021-04-24,0.000000,9.300000,0.000000,,,,,,,0.030000
2021-05-01,0.000000,8.200000,0.100000,,,,,,,0.400000
2021-05-08,,7.300000,0.100000,,,,,,,0.770000
2021-05-15,,5.800000,0.200000,,,,,,,0.130000
2021-05-22,,4.900000,0.200000,,,,,,,0.500000
2021-05-29,,3.800000,0.200000,,,,,,,0.870000
2021-06-05,,2.900000,0.200000,,,,,,,0.230000
2021-06-12,,2.400000,0.200000,,,,,,,0.600000
2021-06-19,,1.900000,0.300000,,,,,,,0.970000
2021-06-26,,1.800000,0.300000,,,,,,,0.330000
2021-07-03,,1.700000,0.400000,,,,,,,0.700000
2021-07-10,,2.300000,0.400000,,,,,,,0.060000
2021-07-17,,3.000000,0.600000,,,,,,,0.430000
2021-07-24,,4.200000,0.800000,,,,,,,0.800000
2021-07-31,,6.300000,0.800000,,,,,,,0.160000
2021-08-07,,8.500000,0.900000,,,,,,,0.530000
2021-08-14,,10.300000,0.900000,,,,,,,0.900000
2021-08-21,,11.600000,0.800000,,,,,,,0.260000
2021-08-28,,12.400000,0.900000,,,,,,,0.630000
2021-09-04,,12.600000,0.900000,,,,,,,1.000000
2021-09-11,,11.700000,0.900000,,,,,,,0.360000
2021-09-18,,10.400000,0.800000,,,,,,,0.730000
2021-09-25,,9.900000,0.800000,,,,,,,0.090000
2021-10-02,,9.100000,1.000000,,,,,,,0.460000
2021-10-09,0.000000,9.000000,0.900000,,,,,,,0.830000
2021-10-16,0.000000,8.600000,1.000000,,,,,,,0.190000
2021-10-23,0.000000,8.000000,1.000000,,,,,,,0.560000
2021-10-30,0.000000,8.000000,1.000000,,,,,,,0.930000
2021-11-06,0.000000,8.200000,1.100000,,,,,,,0.290000
2021-11-13,0.100000,9.600000,1.100000,,,,,,,0.660000
2021-11-20,0.100000,10.100000,1.200000,,,,,,,0.020000
2021-11-27,0.200000,10.900000,1.100000,,,,,,,0.390000
2021-12-04,0.300000,12.500000,1.300000,,,,,,,0.760000
2021-12-11,0.400000,13.500000,1.300000,,,,,,,0.120000
2021-12-18,0.600000,13.300000,1.200000,,,,,,,0.490000
2021-12-25,0.700000,16.200000,1.100000,,,,,,,0.860000
2022-01-01,1.000000,28.000000,1.100000,28.126642,2.184167,,,,,0.220000
2022-01-08,0.600000,35.600000,0.900000,32.260169,4.146562,,,,,0.590000
2022-01-15,0.400000,34.000000,0.500000,35.487856,2.749459,,,,,0.960000
2022-01-22,0.300000,27.900000,0.400000,31.510374,2.152162,,,,,0.320000
2022-01-29,0.200000,21.500000,0.200000,23.918317,2.392703,,,,,0.690000
2022-02-05,0.200000,15.200000,0.200000,15.469509,2.788108,,,,,0.050000
2022-02-12,0.200000,11.300000,0.100000,9.705170,2.425278,,,,,0.420000
2022-02-19,0.200000,7.600000,0.200000,6.817443,2.541667,,,,,0.790000
2022-02-26,0.300000,5.900000,0.200000,4.403965,3.252632,,,,,0.150000
2022-03-05,0.300000,4.400000,0.100000,3.258209,15.165909,1.825000,,,,0.520000
2022-03-12,0.400000,3.200000,0.200000,2.531093,8.457727,2.008571,,,,0.890000
2022-03-19,0.600000,2.700000,0.200000,3.032544,942.422000,1.130000,,,,0.250000
2022-03-26,0.700000,2.500000,0.100000,2.500772,4810.399130,1.713750,,,,0.620000
2022-04-02,0.900000,2.200000,0.200000,2.731885,8.536889,1.562500,,,,0.990000
2022-04-09,1.100000,2.600000,0.200000,3.078189,4.244444,1.772308,,,,0.350000
2022-04-16,1.100000,3.200000,0.200000,3.994598,3.921786,1.916154,,,,0.720000
2022-04-23,1.200000,3.900000,0.200000,5.371580,3.265577,1.605000,,,,0.080000
2022-04-30,1.200000,4.800000,0.200000,7.329245,3.864815,1.914444,,,,0.450000
2022-05-07,1.100000,5.900000,0.100000,8.105589,3.931064,1.566250,,,,0.820000
2022-05-14,1.000000,7.100000,0.200000,9.379064,2.842391,1.700000,,,,0.180000
2022-05-21,0.800000,7.700000,0.200000,10.275153,5.905800,1.628947,,,,0.550000
2022-05-28,0.600000,7.500000,0.200000,10.719082,6.555577,1.498947,,,,0.920000
2022-06-04,0.500000,7.700000,0.300000,11.255304,5.496200,2.307368,,,,0.280000
2022-06-11,0.300000,7.500000,0.300000,10.260797,3.573191,2.811579,,,,0.650000
2022-06-18,,7.400000,0.400000,10.226946,3.334048,1.997368,,,,0.010000
2022-06-25,,8.300000,0.300000,11.477132,3.029286,1.874211,,,,0.380000
2022-07-02,,8.300000,0.200000,12.323630,1.844615,2.422308,,,,0.750000
2022-07-09,,9.000000,0.300000,14.168746,1.390741,2.384444,,,,0.110000
2022-07-16,,9.500000,0.400000,13.953772,1.752222,2.581111,,,,0.480000
2022-07-23,,9.700000,0.400000,14.900098,1.394444,2.499259,,,,0.850000
2022-07-30,,9.800000,0.400000,13.892998,1.220000,1.933043,,,,0.210000
2022-08-06,,9.700000,0.400000,13.790545,1.264474,2.169091,,,,0.580000
2022-08-13,,9.300000,0.400000,12.141431,1.246923,2.083077,,,,0.950000
2022-08-20,,8.700000,0.400000,12.459917,1.162955,2.516170,,,,0.310000
2022-08-27,,8.500000,0.500000,11.272396,1.521489,3.798750,,,,0.680000
2022-09-03,,7.400000,0.500000,9.798007,1.515954,6.397778,,,,0.040000
2022-09-10,,7.100000,0.600000,9.401584,1.879706,4.049901,,,,0.410000
2022-09-17,,6.500000,0.900000,8.738116,1.763861,14.618273,,,,0.780000
2022-09-24,,6.400000,1.000000,8.187673,1.922039,5.753091,,,,0.140000
2022-10-01,,6.000000,1.200000,6.661859,2.360000,17.173200,7.000000,2.000000,10.100000,0.510000
2022-10-08,0.400000,6.100000,1.600000,6.527098,1.956650,10.005214,6.900000,2.700000,12.400000,0.880000
2022-10-15,0.600000,6.300000,2.500000,7.334567,2.297237,81.174902,7.200000,3.500000,14.500000,0.240000
2022-10-22,0.900000,6.400000,2.800000,6.388074,2.997227,15.138214,6.800000,5.400000,16.500000,0.610000
2022-10-29,1.700000,6.300000,3.600000,7.717844,4.194800,26.131800,6.900000,8.400000,18.200000,0.980000
2022-11-05,2.500000,6.800000,4.500000,7.485149,5.873793,30.384513,6.500000,12.800000,19.000000,0.340000
2022-11-12,3.200000,7.000000,5.200000,7.789934,7.240817,40.871240,6.800000,14.900000,19.400000,0.710000
2022-11-19,3.900000,7.200000,4.700000,7.842171,8.976405,37.571610,6.700000,18.300000,16.600000,0.070000
2022-11-26,6.900000,7.900000,4.100000,10.088603,18.423374,11.584800,7.600000,25.800000,13.500000,0.440000
2022-12-03,8.700000,9.400000,4.300000,12.644691,3408.044280,31.795133,8.600000,25.600000,10.400000,0.810000
2022-12-10,7.300000,9.500000,3.400000,12.700954,294.489815,11.348333,8.700000,26.300000,7.900000,0.170000
2022-12-17,6.400000,9.600000,2.600000,13.725592,1909.447263,28.516485,9.400000,24.500000,6.700000,0.540000
2022-12-24,5.600000,9.800000,1.800000,14.506588,54.966786,11.083095,9.800000,20.800000,5.600000,0.910000
2022-12-31,5.200000,11.100000,1.800000,15.988823,23.110645,9.707261,10.600000,14.900000,5.100000,0.270000
2023-01-07,3.000000,10.300000,1.500000,11.089216,8.426241,9.977143,10.200000,8.600000,4.800000,0.640000
2023-01-14,1.300000,8.100000,1.200000,9.130418,4.304257,7.147126,8.800000,4.600000,4.000000,0.000000
2023-01-21,0.800000,6.900000,0.900000,8.411663,3.690739,15.774800,8.400000,2.900000,3.300000,0.370000
2023-01-28,0.500000,6.600000,0.800000,8.551233,2.597405,9.443646,8.300000,2.100000,2.500000,0.740000
2023-02-04,0.400000,6.200000,0.600000,8.807879,2.337854,6.954576,8.000000,1.700000,2.200000,0.100000
2023-02-11,0.300000,6.500000,0.600000,27.429265,1.993962,14.097017,8.000000,1.400000,1.800000,0.470000
2023-02-18,0.300000,6.300000,0.600000,9.615883,2.067045,6.304167,8.100000,1.100000,1.600000,0.840000
2023-02-25,0.300000,5.800000,0.400000,8.763523,1.713297,26.412500,7.900000,1.000000,1.400000,0.200000
2023-03-04,0.200000,5.500000,0.300000,7.384164,1.589964,3.776543,7.400000,0.900000,1.200000,0.570000
2023-03-11,0.300000,4.800000,0.300000,6.587654,1.709823,3.202079,6.800000,1.000000,1.000000,0.940000
2023-03-18,0.300000,4.400000,0.300000,7.502474,1.998521,2.750854,6.900000,0.900000,0.900000,0.300000
2023-03-25,0.300000,4.300000,0.200000,7.120291,1.776102,2.279395,6.900000,0.900000,0.800000,0.670000
2023-04-01,0.200000,3.700000,0.200000,5.574586,1.573016,1.828511,6.500000,1.000000,0.700000,0.030000
2023-04-08,0.200000,3.300000,0.200000,4.698586,1.791821,5.396571,6.200000,1.100000,0.600000,0.400000
2023-04-15,0.200000,3.300000,0.100000,4.271249,1.634000,1.770556,5.700000,1.000000,0.600000,0.770000
2023-04-22,0.200000,2.900000,0.100000,3.837368,1.614300,1.489148,5.100000,0.800000,0.500000,0.130000
2023-04-29,0.100000,2.500000,0.100000,3.908628,1.661133,1.363759,4.900000,1.000000,0.500000,0.500000
2023-05-06,0.000000,2.400000,0.100000,3.232896,1.559244,1.486955,5.000000,0.900000,0.500000,0.870000
2023-05-13,,2.200000,0.100000,3.441561,1.501047,1.514241,4.800000,1.000000,0.500000,0.230000
2023-05-20,,2.000000,0.100000,3.045993,1.459220,1.422057,4.600000,1.200000,0.500000,0.600000
2023-05-27,,1.900000,0.100000,3.038953,1.436300,1.464719,4.600000,1.200000,0.400000,0.970000
2023-06-03,,1.600000,0.000000,2.711553,2.215864,1.428675,4.200000,1.300000,0.500000,0.330000
2023-06-10,,1.400000,0.100000,2.569939,1.472730,1.779466,4.100000,1.100000,0.500000,0.700000
2023-06-17,,1.400000,0.000000,2.378995,1.442244,1.248130,4.300000,1.100000,0.500000,0.060000
2023-06-24,,1.400000,0.100000,2.614398,1.451006,1.418603,4.400000,0.900000,0.600000,0.430000
2023-07-01,,1.400000,0.100000,2.805142,1.496904,1.453495,4.900000,1.100000,0.600000,0.800000
2023-07-08,,1.300000,0.000000,3.241693,1.386731,1.191340,5.900000,1.200000,0.500000,0.160000
2023-07-15,,1.500000,0.000000,3.580718,1.505077,1.220456,6.600000,1.000000,0.600000,0.530000
2023-07-22,,1.700000,0.100000,3.888967,1.382393,1.278697,7.400000,1.000000,0.800000,0.900000
2023-07-29,,2.200000,0.100000,4.454542,1.327276,1.226809,9.000000,1.000000,0.800000,0.260000
2023-08-05,,2.500000,0.100000,5.266696,1.310575,1.189202,10.600000,1.100000,0.800000,0.630000
2023-08-12,,2.900000,0.100000,6.418217,1.681246,1.326751,12.300000,0.900000,0.800000,1.000000
2023-08-19,,3.300000,0.200000,7.009040,1.360950,1.326050,13.300000,0.900000,0.800000,0.360000
2023-08-26,,4.000000,0.200000,8.225792,1.535172,1.869762,14.600000,0.800000,1.100000,0.730000
2023-09-02,,4.100000,0.300000,8.378306,1.672104,1.550297,14.100000,0.700000,1.100000,0.090000
2023-09-09,,4.400000,0.400000,10.192647,1.424691,1.680157,13.900000,0.700000,1.300000,0.460000
2023-09-16,,4.400000,0.400000,8.387259,1.533075,1.632512,12.600000,0.800000,1.400000,0.830000
2023-09-23,,4.500000,0.600000,9.203871,1.611697,1.698590,12.000000,0.900000,2.100000,0.190000
2023-09-30,,4.600000,0.700000,8.558856,1.837887,2.342582,10.900000,0.900000,2.900000,0.560000
2023-10-07,0.200000,4.500000,0.900000,8.218609,3.294004,2.617485,10.000000,1.100000,3.700000,0.930000
2023-10-14,0.200000,4.200000,1.100000,6.879892,2.133117,2.988588,9.200000,1.300000,4.800000,0.290000
2023-10-21,0.300000,4.200000,1.300000,7.100063,2.050679,3.304512,9.400000,1.500000,5.900000,0.660000
2023-10-28,0.300000,4.200000,1.400000,7.297909,2.132486,4.090096,9.600000,1.800000,7.600000,0.020000
2023-11-04,0.500000,4.200000,1.600000,10.039781,2.637252,4.756901,9.300000,2.600000,9.100000,0.390000
2023-11-11,0.800000,4.700000,2.200000,8.828529,2.863050,7.616110,10.100000,4.000000,10.600000,0.760000
2023-11-18,0.900000,4.900000,2.700000,11.034002,3.548982,8.990484,9.500000,4.900000,11.800000,0.120000
2023-11-25,1.400000,5.200000,2.900000,11.108457,3.992525,10.207312,11.200000,5.900000,12.700000,0.490000
2023-12-02,2.100000,6.100000,3.600000,13.188864,8.225154,12.635788,11.700000,7.000000,11.900000,0.860000
2023-12-09,2.900000,6.200000,3.800000,13.200544,5.704983,11.360712,11.600000,9.800000,12.000000,0.220000
2023-12-16,4.100000,6.200000,3.900000,14.769957,8.014267,16.982709,11.900000,13.400000,12.200000,0.590000
2023-12-23,6.700000,6.700000,4.200000,16.014800,12.707422,14.143961,12.500000,17.300000,11.200000,0.960000
2023-12-30,8.900000,7.900000,4.500000,19.074962,26.215639,23.135147,13.100000,18.200000,10.400000,0.320000
2024-01-06,6.900000,7.800000,4.000000,20.477367,14.030502,23.053290,12.900000,13.800000,9.900000,0.690000
2024-01-13,5.400000,7.300000,3.000000,13.708546,10.555153,12.649965,11.900000,13.900000,8.400000,0.050000
2024-01-20,4.200000,6.100000,2.600000,12.161830,13.013199,9.921817,10.900000,14.900000,7.200000,0.420000
2024-01-27,3.900000,5.500000,2.100000,11.344476,12.473071,34.257521,10.400000,16.100000,6.100000,0.790000
2024-02-03,3.500000,4.900000,1.800000,9.112780,6.343562,6.381689,10.000000,16.300000,5.500000,0.150000
2024-02-10,3.500000,4.400000,1.600000,9.872612,7.774750,6.999361,9.500000,15.900000,4.900000,0.520000
2024-02-17,3.300000,4.300000,1.500000,10.523657,21.727808,7.254693,8.400000,15.600000,4.200000,0.890000
2024-02-24,3.300000,4.200000,1.300000,9.477767,13.375471,5.683133,7.700000,15.500000,3.600000,0.250000
2024-03-02,3.300000,3.600000,1.000000,8.027968,15.131010,5.511239,6.700000,14.900000,3.100000,0.620000
2024-03-09,2.700000,3.000000,0.800000,6.194098,7.329261,4.141531,5.500000,14.200000,2.800000,0.990000
2024-03-16,2.100000,2.500000,0.700000,4.745245,18.101378,3.794860,4.700000,11.900000,2.400000,0.350000
2024-03-23,1.900000,2.000000,0.600000,4.760407,3.819134,3.956782,4.100000,10.400000,2.000000,0.720000
2024-03-30,1.700000,1.800000,0.500000,3.978345,27.925380,2.932712,3.800000,9.200000,1.600000,0.080000
2024-04-06,1.700000,1.900000,0.300000,3.505173,3.510178,25.525695,3.600000,7.500000,1.300000,0.450000
2024-04-13,1.300000,1.500000,0.300000,3.330008,4.061494,2.239624,3.400000,5.800000,1.200000,0.820000
2024-04-20,0.900000,1.200000,0.200000,3.028551,3.491014,2.163558,3.100000,4.800000,0.900000,0.180000
2024-04-27,0.700000,1.300000,0.200000,2.593854,2.935542,2.229583,3.100000,3.800000,0.800000,0.550000
2024-05-04,0.500000,1.100000,0.100000,2.710016,2.524926,1.742682,3.300000,3.200000,0.700000,0.920000
2024-05-11,0.400000,1.200000,0.200000,2.522989,2.530120,1.587549,3.100000,2.300000,0.700000,0.280000
2024-05-18,0.300000,1.300000,0.100000,2.922523,2.900354,1.680147,3.500000,1.800000,0.500000,0.650000
2024-05-25,0.300000,1.300000,0.100000,3.284218,1.934343,1.529200,4.100000,1.600000,0.500000,0.010000
2024-06-01,0.300000,1.600000,0.100000,3.604331,2.220428,1.506820,4.800000,1.600000,0.400000,0.380000
2024-06-08,0.200000,1.700000,0.100000,4.120903,1.716824,1.607271,5.600000,1.500000,0.400000,0.750000
2024-06-15,0.200000,1.900000,0.000000,4.643422,1.847423,1.520736,7.000000,1.300000,0.400000,0.110000
2024-06-22,0.200000,2.200000,0.000000,5.795093,1.893184,1.664351,8.600000,1.000000,0.300000,0.480000
2024-06-29,0.200000,2.700000,0.000000,6.837379,1.740111,2.214031,9.700000,0.900000,0.300000,0.850000
2024-07-06,0.200000,3.100000,0.000000,7.586033,1.884883,2.374876,11.200000,1.000000,0.300000,0.210000
2024-07-13,0.200000,3.300000,0.000000,8.886984,1.588296,2.008173,13.000000,0.800000,0.400000,0.580000
2024-07-20,0.100000,3.400000,0.000000,9.751925,1.743695,2.102811,14.700000,0.700000,0.300000,0.950000
2024-07-27,0.100000,4.200000,0.100000,10.792861,1.660880,1.999514,16.300000,0.600000,0.300000,0.310000
2024-08-03,0.100000,4.500000,0.000000,12.352959,2.598886,2.386967,17.400000,0.600000,0.300000,0.680000
2024-08-10,0.100000,4.900000,0.000000,12.333283,1.577718,1.770770,17.900000,0.500000,0.200000,0.040000
2024-08-17,0.100000,4.800000,0.100000,12.377459,5725.369759,1.620728,17.700000,0.500000,0.300000,0.410000
2024-08-24,0.100000,4.500000,0.000000,12.393786,1.601126,1.616077,16.700000,0.400000,0.300000,0.780000
2024-08-31,0.100000,4.300000,0.100000,12.690000,2.056914,1.629819,16.300000,0.400000,0.300000,0.140000
2024-09-07,0.100000,4.100000,0.100000,12.428128,1.716029,1.751687,14.500000,0.400000,0.300000,0.510000
2024-09-14,0.100000,4.400000,0.100000,11.231806,1.547086,1.637401,13.100000,0.500000,0.400000,0.880000
2024-09-21,0.100000,3.900000,0.100000,8.941630,1.534971,1.580777,11.200000,0.500000,0.600000,0.240000
2024-09-28,0.100000,3.400000,0.200000,7.200316,1.682234,1.614276,9.300000,0.500000,0.800000,0.610000
2024-10-05,0.100000,3.000000,0.200000,5.433055,1.494776,1.774398,7.400000,0.700000,1.100000,0.980000
2024-10-12,0.100000,2.600000,0.200000,4.635811,1.988713,1.847868,6.300000,0.700000,1.200000,0.340000
2024-10-19,0.200000,2.100000,0.300000,4.179523,1.690675,2.909898,5.300000,0.700000,1.900000,0.710000
2024-10-26,0.200000,2.100000,0.500000,4.367411,26.177952,2.130731,5.000000,1.000000,2.100000,0.070000
2024-11-02,0.200000,1.800000,0.600000,4.221147,162.113341,2.879661,4.700000,1.200000,2.900000,0.440000
2024-11-09,0.300000,1.800000,0.800000,3.912759,351.461424,3.738291,4.200000,1.500000,3.600000,0.810000
2024-11-16,0.400000,1.700000,1.100000,4.032914,339.602492,4.502891,4.100000,2.100000,5.500000,0.170000
2024-11-23,0.500000,1.700000,1.300000,4.016803,340.450228,3.447864,4.200000,2.800000,6.100000,0.540000
2024-11-30,0.600000,1.800000,1.500000,4.413532,370.680400,6.562333,4.400000,3.900000,8.400000,0.910000
2024-12-07,1.200000,2.100000,1.800000,5.874330,343.181552,13.592196,4.800000,5.200000,8.400000,0.270000
2024-12-14,2.100000,2.400000,2.200000,6.619265,336.360680,21.499321,5.400000,8.600000,9.700000,0.640000
2024-12-21,3.800000,2.700000,2.900000,7.277018,337.932387,168.645786,6.000000,14.200000,11.000000,0.000000
2024-12-28,7.700000,3.500000,3.400000,9.468671,245.458567,95.074190,6.500000,18.200000,10.900000,0.370000
2025-01-04,10.100000,4.200000,3.900000,9.545302,26.363329,30.948868,6.700000,18.200000,10.800000,0.740000
2025-01-11,8.400000,3.700000,3.500000,8.663888,56486.777821,21703.869377,6.400000,18.400000,8.900000,0.100000
2025-01-18,9.200000,3.200000,3.200000,7.997039,174.018560,111.256612,5.600000,23.800000,8.100000,0.470000
2025-01-25,10.900000,3.000000,2.800000,8.016906,372.775056,213480831.899615,5.200000,28.700000,7.800000,0.840000
2025-02-01,13.400000,3.000000,3.100000,8.104778,91.813641,109897595.487716,4.600000,31.600000,6.800000,0.200000
2025-02-08,13.500000,2.800000,3.100000,7.735438,333746.235101,340316614.444965,4.500000,31.400000,6.700000,0.570000
2025-02-15,10.600000,2.800000,2.800000,7.296893,871620.602067,773.382000,4.400000,27.800000,6.300000,0.940000
2025-02-22,8.400000,2.300000,2.600000,5.867227,33001243.063412,11.539917,4.000000,23.900000,6.400000,0.300000
2025-03-01,6.700000,2.200000,2.300000,5.358023,5070.441120,2543989.377608,3.800000,19.500000,6.100000,0.670000
2025-03-08,4.800000,2.100000,2.000000,5.276411,245.037967,78.628884,3.700000,15.900000,5.600000,0.030000
2025-03-15,3.800000,2.200000,1.700000,5.752794,8.008471,189.248524,3.700000,13.300000,5.000000,0.400000
2025-03-22,2.600000,1.900000,1.300000,4.931700,26.964205,13.532134,3.700000,10.700000,4.300000,0.770000
2025-03-29,2.000000,1.800000,1.000000,4.816357,3.249944,4.841630,3.800000,9.200000,3.800000,0.130000
2025-04-05,1.600000,1.700000,0.900000,4.211758,5.564390,3.694519,3.700000,7.600000,2.900000,0.500000
2025-04-12,1.100000,1.500000,0.600000,3.490645,2.114860,2.592362,3.500000,6.200000,2.400000,0.870000
2025-04-19,0.800000,1.300000,0.500000,3.791596,2.121712,2.302646,3.500000,5.300000,1.800000,0.230000
2025-04-26,0.700000,1.300000,0.300000,4.009523,1.879944,2.448481,3.400000,4.400000,1.500000,0.600000
2025-05-03,0.300000,1.100000,0.300000,3.378088,1.609977,1.977484,3.000000,3.300000,1.100000,0.970000
2025-05-10,,1.000000,0.200000,2.999606,2.035654,1.613342,3.000000,2.600000,0.900000,0.330000
2025-05-17,,0.900000,0.100000,3.232833,1.328633,1.691660,2.800000,2.100000,0.800000,0.700000
2025-05-24,,0.900000,0.100000,3.095727,2.559539,191.593019,2.800000,1.900000,0.600000,0.060000
2025-05-31,,0.900000,0.100000,3.165530,1.347538,1.607620,2.800000,1.900000,0.500000,0.430000
2025-06-07,,0.800000,0.100000,3.329231,1.364208,6.767100,3.000000,1.600000,0.400000,0.800000
2025-06-14,,0.800000,0.100000,3.172080,1.435132,1.210189,2.900000,1.200000,0.500000,0.160000
2025-06-21,,0.900000,0.100000,2.970605,1.269627,1.197134,3.100000,1.000000,0.300000,0.530000
2025-06-28,,0.900000,0.000000,3.153254,1.282921,1.287054,3.400000,0.800000,0.300000,0.900000
2025-07-05,,0.900000,0.000000,3.226113,1.258986,1.210042,3.900000,0.800000,0.400000,0.260000
2025-07-12,,1.000000,0.000000,3.793972,1.364602,1.089156,4.800000,0.800000,0.400000,0.630000
2025-07-19,,1.100000,0.000000,3.932739,1.154668,1.225327,5.200000,0.500000,0.400000,1.000000
2025-07-26,,1.300000,0.000000,4.623996,1.183641,1.114139,6.900000,0.400000,0.300000,0.360000
2025-08-02,,1.400000,0.000000,5.116378,1.210883,1.832817,8.200000,0.400000,0.400000,0.730000
2025-08-09,,1.800000,0.100000,6.122680,1.411709,1.234987,9.200000,0.400000,0.400000,0.090000
2025-08-16,,2.200000,0.100000,6.901252,1.165158,1.193084,10.800000,0.300000,0.300000,0.460000
2025-08-23,,2.300000,0.000000,7.260465,1.187511,1.461178,12.000000,0.400000,0.300000,0.830000
2025-08-30,,2.500000,0.100000,8.199869,1.479734,1.112407,11.500000,0.400000,0.300000,0.190000
2025-09-06,,2.600000,0.100000,9.761698,1.332463,1.266749,11.400000,0.400000,0.300000,0.560000
2025-09-13,,2.400000,0.100000,8.785625,1.197941,1.187112,9.900000,0.500000,0.300000,0.930000
2025-09-20,,2.300000,0.100000,7.549868,1.118271,1.899053,8.200000,0.500000,0.400000,0.290000
2025-09-27,,1.900000,0.100000,5.601528,1.125033,1.416423,6.900000,0.600000,0.500000,0.660000
2025-10-04,0.100000,1.700000,0.100000,4.366712,1.179539,1.291063,5.400000,0.500000,0.600000,0.020000
2025-10-11,0.200000,1.400000,0.100000,3.374938,1.748161,1.969624,4.200000,0.500000,0.700000,0.390000
2025-10-18,0.200000,1.200000,0.100000,2.882518,1.465603,1.240497,3.200000,0.600000,0.800000,0.760000
2025-10-25,0.200000,0.900000,0.200000,2.764533,3.139446,1.400304,3.000000,0.800000,1.100000,0.120000
2025-11-01,0.200000,0.900000,0.200000,2.481139,2.871256,1.327410,2.900000,1.100000,1.300000,0.490000
2025-11-08,0.500000,0.800000,0.300000,2.861727,1.724136,2.277171,2.800000,1.900000,1.600000,0.860000
2025-11-15,0.700000,0.700000,0.400000,2.725731,1.773287,1.601408,2.900000,3.300000,2.000000,0.220000
2025-11-22,1.200000,0.900000,0.400000,2.972975,2.010927,2.156146,3.000000,5.500000,2.500000,0.590000
2025-11-29,1.800000,0.900000,0.500000,3.092962,3.290639,2.268916,3.100000,8.000000,3.200000,0.960000
2025-12-06,2.900000,1.000000,0.800000,4.216308,4.092736,4.740894,3.600000,9.000000,3.200000,0.320000
2025-12-13,4.600000,1.100000,1.000000,4.299305,6.627756,3.857558,3.700000,15.500000,3.700000,0.690000
2025-12-20,8.300000,1.200000,1.300000,6.084788,16.562104,5.814511,3.900000,25.600000,4.400000,0.050000
2025-12-27,13.200000,1.600000,1.600000,6.147590,56.078790,12.583064,4.300000,31.700000,4.600000,0.420000
2026-01-03,12.600000,2.100000,2.000000,7.849480,48.880364,26.870564,5.000000,24.700000,4.900000,0.790000
2026-01-10,7.300000,1.700000,2.000000,7.499401,26.988071,29.434468,5.300000,18.600000,4.900000,0.150000
2026-01-17,4.300000,1.500000,2.000000,5.570893,17.082878,156.841194,5.100000,17.000000,5.600000,0.520000
2026-01-24,3.500000,1.300000,2.000000,6.475074,47439.135768,45.937847,5.400000,17.500000,6.800000,0.890000
2026-01-31,3.400000,1.300000,2.200000,6.484278,67.232480,12.856350,5.300000,17.400000,7.300000,0.250000
2026-02-07,3.500000,1.300000,2.400000,6.449449,90.107377,19.951566,5.000000,18.000000,7.600000,0.620000
2026-02-14,3.000000,1.400000,2.600000,6.584622,92300.673940,16.117889,4.500000,18.300000,8.200000,0.990000
2026-02-21,3.000000,1.300000,3.000000,5.263730,101.642898,7.784517,4.300000,18.000000,8.600000,0.350000
2026-02-28,2.400000,1.200000,2.800000,4.770200,5.249688,25.687788,3.600000,15.700000,8.800000,0.720000
2026-03-07,2.100000,1.100000,2.500000,4.183339,7.797259,42.360128,3.300000,15.300000,8.500000,0.080000
2026-03-14,1.600000,1.000000,2.300000,2.884228,542018.285248,8.434027,2.700000,13.800000,8.700000,0.450000
2026-03-21,1.300000,0.900000,2.100000,2.903704,2.312791,23.029150,2.300000,11.200000,7.800000,0.820000
2026-03-28,1.200000,0.700000,1.800000,2.710098,26522.354664,15.907962,2.200000,9.600000,6.800000,0.180000
2026-04-04,1.000000,0.800000,1.400000,2.557722,733.114232,7.043405,1.900000,7.700000,5.800000,0.550000
2026-04-11,0.700000,0.600000,1.300000,2.016242,3.406107,17.582539,1.700000,5.900000,5.000000,0.920000
2026-04-18,0.700000,0.600000,1.000000,1.872256,1.318360,4.126128,1.400000,4.500000,4.000000,0.280000
2026-04-25,0.500000,0.400000,0.700000,1.579321,1.811130,26.331446,1.100000,3.400000,3.300000,0.650000
2026-05-02,0.400000,0.400000,0.600000,1.649231,1.564943,12.458104,1.000000,3.000000,2.600000,0.010000
2026-05-09,0.300000,0.300000,0.400000,1.426040,1.189297,2.755108,0.900000,2.500000,2.100000,0.380000
2026-05-16,0.300000,0.200000,0.300000,1.461516,1.537317,2.450924,0.900000,1.900000,1.600000,0.750000
2026-05-23,0.200000,0.200000,0.300000,1.237140,11742.277600,2.295977,0.800000,1.500000,1.500000,0.110000
2026-05-30,0.100000,0.200000,0.200000,1.183235,36077.438146,1.350242,0.800000,1.300000,1.200000,0.480000
2026-06-06,0.100000,0.100000,0.200000,1.164299,1.281420,1.681526,0.800000,0.900000,1.000000,0.850000
2026-06-13,0.100000,0.100000,0.100000,1.235218,1.431551,1.894305,0.900000,0.800000,0.900000,0.210000
2026-06-20,,,,1.163729,1.149007,79.504309,0.900000,0.700000,1.000000,0.580000
